"","Lineage_Name","Alt_Lineage_Name","parasiteGenus"
"1","TURDUS1","","Plasmodium"
"2","ACCGEN01","ACGE01","Leucocytozoon"
"3","BUTBUT03","","Leucocytozoon"
"4","ACNI04","","Leucocytozoon"
"5","ACNI1","","Leucocytozoon"
"6","ACNI03","","Leucocytozoon"
"7","BT7","","Plasmodium"
"8","CIAE02","","Leucocytozoon"
"10","FANTAIL01","","Plasmodium"
"11","SGS1","P22","Plasmodium"
"12","GRW04","P15","Plasmodium"
"13","HIICT1","","Haemoproteus"
"14","ACAGR2","","Haemoproteus"
"15","GRW11","","Plasmodium"
"16","SW4","","Haemoproteus"
"17","ACDUM2","","Haemoproteus"
"20","RTSR1","","Plasmodium"
"22","SW2","","Plasmodium"
"23","GRW10","","Plasmodium"
"24","ACSTE1","","Haemoproteus"
"25","GRW05","","Haemoproteus"
"26","GRW02","","Plasmodium"
"28","GRW01","","Haemoproteus"
"29","GRW06","","Plasmodium"
"30","GRW03","","Haemoproteus"
"31","GRW08","","Haemoproteus"
"33","ARW1","","Haemoproteus"
"34","MW1","","Haemoproteus"
"37","ACDUM4","","Haemoproteus"
"38","ACDUM3","","Haemoproteus"
"39","ACDUM1","","Haemoproteus"
"41","ACDUM5","","Haemoproteus"
"42","SYBOR02","","Plasmodium"
"45","WW2","","Haemoproteus"
"46","RW3","","Haemoproteus"
"49","SW1","","Haemoproteus"
"51","RW1","MAPH2","Haemoproteus"
"56","SW5","","Plasmodium"
"57","ROBIN1","","Haemoproteus"
"60","SW3","","Haemoproteus"
"63","WW1","","Haemoproteus"
"69","RW2","","Haemoproteus"
"77","TROAED15","SA15,SA16","Haemoproteus"
"78","TROAED20","","Haemoproteus"
"79","TROAED18","SA10","Haemoproteus"
"80","ROFI1","","Haemoproteus"
"81","PHSIB1","","Haemoproteus"
"82","STOCC06","","Leucocytozoon"
"83","AEFUN02","","Leucocytozoon"
"84","BT2","","Leucocytozoon"
"86","AEMO02","","Leucocytozoon"
"87","MOLBAD01","37","Haemoproteus"
"88","SEIAUR01","SPTO_CA_ELW_6P","Plasmodium"
"89","RWB01","","Plasmodium"
"90","OCHRUF02","","Leucocytozoon"
"94","SYAT05","","Plasmodium"
"95","ALCLEU01","H59","Haemoproteus"
"96","POMFER01","P47","Plasmodium"
"97","ALMOR06","","Haemoproteus"
"98","ALMOR08","","Haemoproteus"
"99","ALCPOI02","","Haemoproteus"
"100","ALCPOI04","","Haemoproteus"
"101","ALEDIA02","WA19","Plasmodium"
"102","ALEDIA01","P14","Plasmodium"
"103","GRW09","P46","Plasmodium"
"104","ALBRE01","","Haemoproteus"
"105","DENPET03","","Plasmodium"
"107","AMPBIL02","BTSP03","Haemoproteus"
"108","TROAED24","BTSP08","Plasmodium"
"110","ANACU04","NOPI04","Leucocytozoon"
"111","COBRA02","BWTE33","Leucocytozoon"
"113","NYCNYC01","BWTE04","Plasmodium"
"115","PESA01","BWTE05","Plasmodium"
"116","HELLI01","BWTE18","Leucocytozoon"
"117","BWTE22","BWTE22","Leucocytozoon"
"118","TUSW05","BWTE23","Leucocytozoon"
"120","CYGNUS01","BWTE01","Haemoproteus"
"121","TUSW03","BWTE26","Leucocytozoon"
"122","STVAR04","BWTE07","Plasmodium"
"123","BWTE19","BWTE19","Leucocytozoon"
"124","MYCAME02","BWTE14","Plasmodium"
"126","ANAGEO01","","Plasmodium"
"129","ANLAT07","PV9","Plasmodium"
"131","ANLAT05","PV2","Plasmodium"
"132","ANLAT09","PV4L","Plasmodium"
"133","ANLAT01","pANLA1","Plasmodium"
"134","PHICT01","WA16","Plasmodium"
"135","ANLAT04","WA17","Plasmodium"
"136","ANLAT06","PV6","Plasmodium"
"137","ANLAT02","hANLA1","Haemoproteus"
"139","WW3","WW7","Plasmodium"
"141","CREFUR01","1 JM-2013","Haemoproteus"
"143","BELL01","LIN1","Plasmodium"
"145","PLOPRI01","P34,P35","Plasmodium"
"146","PYSUN1","PV15,PV15a","Plasmodium"
"147","HEDCOL01","PV39,PV39a","Plasmodium"
"149","RECOB4","PV25","Plasmodium"
"151","REB11","","Leucocytozoon"
"152","LK05","PAL282","Plasmodium"
"153","LK06","TF413","Plasmodium"
"154","TRPIP1","","Leucocytozoon"
"157","YWT2","","Haemoproteus"
"158","PBPIP1","ANTRI01","Plasmodium"
"159","LAIRI01","","Plasmodium"
"160","APHCAL01","","Leucocytozoon"
"161","ZOLPYR01","AspChL2","Leucocytozoon"
"162","DIUDIU11","AspChL1","Leucocytozoon"
"163","APSPI15","AspChH1","Haemoproteus"
"164","ELAALB05","AspChL4","Leucocytozoon"
"165","CATUST05","H24","Plasmodium"
"166","APSPI10","AspChL9","Leucocytozoon"
"167","APTPAT01","","Plasmodium"
"169","ZOCAP14","","Haemoproteus"
"170","ARBRU02","","Haemoproteus"
"171","ARRFLA01","H07","Haemoproteus"
"172","COLL4","H27","Plasmodium"
"174","ARRTAC01","","Plasmodium"
"175","TROAED02","","Leucocytozoon"
"176","BUTMO01","THRBON02","Leucocytozoon"
"178","ASIFLA01","","Leucocytozoon"
"179","CIRCUM01","CIRCUM01","Haemoproteus"
"180","ASOT03","","Haemoproteus"
"181","ASOT06","","Leucocytozoon"
"182","ASOT1","","Leucocytozoon"
"184","ATNO1","H145","Leucocytozoon"
"185","BAEBIC02","SOSP_CA3P","Plasmodium"
"186","PAVER01","ATLLAT05,CHLRIE02","Leucocytozoon"
"188","ATMEL01","DICER-01","Haemoproteus"
"189","TUSW04","","Leucocytozoon"
"190","GYMCYA01","","Leucocytozoon"
"191","COLBF21","","Leucocytozoon"
"192","BAREGI01","","Leucocytozoon"
"193","BAREGI06","","Haemoproteus"
"194","BAREGI08","","Haemoproteus"
"196","GEOTRI02","","Plasmodium"
"197","PADOM09","PADOM09","Plasmodium"
"198","VOLJAC02","BAFLA03","Plasmodium"
"199","PHPAT01","PHPAT01","Plasmodium"
"200","BAFLA01","BAFLA01","Plasmodium"
"205","FOMAD01","","Leucocytozoon"
"208","BERZOS01","","Plasmodium"
"211","STRURA03","Haplotype C","Haemoproteus"
"213","STVAR01","41","Haemoproteus"
"214","BUVIR02","","Leucocytozoon"
"216","BUTBUT07","","Leucocytozoon"
"218","BUBT1","","N/A"
"221","BUBT2","","Leucocytozoon"
"222","BUTJAM07","","Leucocytozoon"
"227","CALMAD01","","Leucocytozoon"
"228","STNT01","","Plasmodium"
"229","KOKAKO01","","Plasmodium"
"231","CAMRUB03","","Haemoproteus"
"232","CAOBS01","CAOBS01","Plasmodium"
"235","CARCAR05","","Leucocytozoon"
"237","DUMCAR01","","Leucocytozoon"
"238","PADOM11","","Plasmodium"
"239","CARBAR02","","Leucocytozoon"
"240","LINN1","","Plasmodium"
"242","CARCHL01","H147","Haemoproteus"
"247","CARCHL02","H148","Haemoproteus"
"248","CCF3","","Haemoproteus"
"249","ACAFLA03","","Leucocytozoon"
"250","CARFLA03","L.AK12","Leucocytozoon"
"251","ROFI6","2012haploROF16","Leucocytozoon"
"252","SISKIN1","SISKIN1","Haemoproteus"
"253","CB1","ICBI,L fringillinarum,L.AK04","Leucocytozoon"
"254","ACAFLA02","","Leucocytozoon"
"255","SPIARB01","H.AK06","Haemoproteus"
"256","TRPIP2","TRPIP2","Leucocytozoon"
"257","PYERY01","PYERY01","Haemoproteus"
"258","SPIPAS01","","Haemoproteus"
"259","SPISAL02","","Haemoproteus"
"260","SPISAL01","","Haemoproteus"
"264","ROFI2","","Haemoproteus"
"266","PADOM02","","Plasmodium"
"268","MOLATE01","P2","Plasmodium"
"273","ELALB01","ELALB01","Haemoproteus"
"274","DIGCAE01","","Haemoproteus"
"275","CATANA01","","Haemoproteus"
"276","CATAUR01","","Haemoproteus"
"277","CATFUS22","","Leucocytozoon"
"279","CATMIN05","","Leucocytozoon"
"280","CATGUT02","L.AK01","Leucocytozoon"
"282","TUMIG07","H.AK01,H.AK17","Haemoproteus"
"283","CATMIN01","L.AK06","Leucocytozoon"
"284","CATUST11","MD-2011.SWTH.AKCR.LIN.15L","Leucocytozoon"
"285","CATUST09","","Leucocytozoon"
"286","PHYBOR04","","Haemoproteus"
"287","TUPHI01","","Haemoproteus"
"288","HYLMUS02","","Leucocytozoon"
"291","POEATR01","H.AK03,H.AK10,H.AK16","Haemoproteus"
"292","COLL2","","Haemoproteus"
"293","CATMIN02","L.AK07","Leucocytozoon"
"294","POEHUD01","L.AK03,L.AK20,L.AK21,L.AK22","Leucocytozoon"
"296","CATUST06","","Plasmodium"
"300","NILSUN01","P48","Plasmodium"
"301","CATUST12","SWTH18L","Leucocytozoon"
"302","CATUST28","","Leucocytozoon"
"303","CATUST25","","Leucocytozoon"
"304","CATUST22","SWTH_CA_ELW_6H","Haemoproteus"
"313","TUMIG03","P48","Plasmodium"
"316","CERCIN02","","Plasmodium"
"317","CERSER02","","Plasmodium"
"318","PARUS22","H065","Leucocytozoon"
"324","ALCLEU02","WAH2","Haemoproteus"
"325","AFR028","","Plasmodium"
"326","CHLSPI01","","Plasmodium"
"327","TRMUS01","","Haemoproteus"
"328","CHLSPI02","","Haemoproteus"
"329","AFR025","","Haemoproteus"
"331","CHLOPH01","","Haemoproteus"
"332","CHOGRA01","","Haemoproteus"
"333","CHRKLA01","","Haemoproteus"
"334","VIMWE1","","Haemoproteus"
"335","CHRCAP01","","Haemoproteus"
"336","DELURB5","","Plasmodium"
"339","WW6","","Leucocytozoon"
"343","PARUS21","","Leucocytozoon"
"345","LINOLI01","P16","Plasmodium"
"346","COSQU01","COSQU01","Haemoproteus"
"349","HAWF2","","Haemoproteus"
"350","HAWF7","H153","Leucocytozoon"
"351","COCCOC01","","Leucocytozoon"
"352","HAWF6","H152","Haemoproteus"
"353","HAWF1","","Haemoproteus"
"354","COECOE02","","Plasmodium"
"355","COECOE01","","Haemoproteus"
"363","ANAPAR01","AUTOCH08","Haemoproteus"
"368","CNERUB01","","Haemoproteus"
"369","TROAED01","LEPAFF01","Leucocytozoon"
"370","COFLA06","Par_bird_sp_10","Haemoproteus"
"371","BAFLA04","","Plasmodium"
"374","FRAG05","","Haemoproteus"
"376","LOXPOR01","","Haemoproteus"
"377","FRAG01","","Haemoproteus"
"378","ICTCAY01","Pla_bird_sp_4,Pla_bird_sp_5","Plasmodium"
"379","COLAUR01","","Leucocytozoon"
"380","PIRLUD07","","Haemoproteus"
"382","COLVIR03","10436B,10734B","Haemoproteus"
"383","COLMEG02","AP18","Haemoproteus"
"385","COLELP01","","Haemoproteus"
"386","HAECOL1","","Haemoproteus"
"387","COLIV04","Columba livia 1,Streptopelia orientalis 3","Leucocytozoon"
"388","COLIV03","","Haemoproteus"
"389","COLIV06","","Haemoproteus"
"390","COQUI05","","Haemoproteus"
"391","AFR119","H248","Haemoproteus"
"393","COPIC01","COLCRU02","Haemoproteus"
"394","COLPAS03","SocH3","Haemoproteus"
"396","COLPIC01","Arg_H6,Arg_H9","Haemoproteus"
"398","COSQU02","","Haemoproteus"
"400","COSQU03","","Haemoproteus"
"401","COLPAS04","","Haemoproteus"
"402","COLBUC01","COTAL01","Haemoproteus"
"405","CONCAS01","","Plasmodium"
"406","CONLIN16","COLIN16","Plasmodium"
"407","CONLIN01","COLIN01","Plasmodium"
"408","CONLIN05","COLIN05","Plasmodium"
"409","LEAMA01","LEAMA01","Plasmodium"
"410","COMEL01","COMEL01","Plasmodium"
"412","COPMAL01","39","Haemoproteus"
"413","COBRA01","NOCRH02","Haemoproteus"
"414","CORCAU01","NOCRH01","Haemoproteus"
"415","CORCAU03","NOCRL04","Leucocytozoon"
"416","COBRA05","NOCRL01","Leucocytozoon"
"419","COCOR13","CORNIX05","Leucocytozoon"
"420","CXPIP27","CORNIX01","Haemoproteus"
"421","COCOR09","Corvus corone 6,Corvus corone 8,Corvus macrorhynchos 3,Corvus macrorhynchos 6","Leucocytozoon"
"424","COCOR15","","Haemoproteus"
"426","CXPIP09","Rinchi-3","Plasmodium"
"427","CORMAC04","","Haemoproteus"
"428","CORMAC02","","Leucocytozoon"
"429","CXPIP19","U8","Haemoproteus"
"431","CORMON01","","Leucocytozoon"
"434","CORPIL03","","Haemoproteus"
"435","CORPIL11","","Haemoproteus"
"437","COPIL01","COPIL01","Plasmodium"
"440","PADOM17","FURLEU01","Plasmodium"
"441","BAHYP01","BAHYP01","Plasmodium"
"442","CORPIL01","","Plasmodium"
"443","CORPIL02","","Plasmodium"
"445","COTCOT01","","Plasmodium"
"447","CRALOU01","","Haemoproteus"
"451","CRECRE01","CRECRE1","Plasmodium"
"452","SYBOR10","","Plasmodium"
"455","CRIPIS01","","Leucocytozoon"
"458","AFR223","","Leucocytozoon"
"459","ANIFLA01","","Haemoproteus"
"461","CURCUR01","","Plasmodium"
"463","CYASTE05","","Haemoproteus"
"464","CYASTE07","","Leucocytozoon"
"467","VIOLI06","","Haemoproteus"
"468","VIOLI12","","Haemoproteus"
"470","TUSW02","TUSW02","Leucocytozoon"
"472","TUSW08","TUSW08","Haemoproteus"
"474","TUSW06","TUSW06","Haemoproteus"
"476","TUSW01","TUSW01","Leucocytozoon"
"479","CYPHIR03","","Haemoproteus"
"480","PSEGRI01","","Plasmodium"
"481","TANCHI01","","Haemoproteus"
"482","BUL07","","Plasmodium"
"483","DELURB2","Durb2","Haemoproteus"
"484","DELURB3","Durb3","Haemoproteus"
"485","HIRUS07","","Leucocytozoon"
"487","COLL6","","Plasmodium"
"491","DELURB1","Durb1","Haemoproteus"
"493","PARUS19","","Leucocytozoon"
"495","DELURB6","","Plasmodium"
"496","GLYSPI06","","Plasmodium"
"498","DENPEN02","OZ07SL23","Haemoproteus"
"499","PASILI01","","Haemoproteus"
"502","SETAUD25","","Leucocytozoon"
"503","EMPALN01","","Leucocytozoon"
"505","SETAUD08","","Haemoproteus"
"506","SETCOR07","","Leucocytozoon"
"508","CATUST14","","Leucocytozoon"
"509","TABI02","","Haemoproteus"
"510","TABI09","","Leucocytozoon"
"511","SETCOR01","","Haemoproteus"
"512","SETAUD05","","Haemoproteus"
"516","SETAUD15","","Haemoproteus"
"518","CNEORN01","L Co1,L smokies","Leucocytozoon"
"519","EMPHAM01","","Leucocytozoon"
"520","COLBF25","","Leucocytozoon"
"521","SETAUD14","","Haemoproteus"
"524","GEOTRI01","","Plasmodium"
"526","MYITYR01","","Plasmodium"
"529","MASTR01","","Plasmodium"
"530","TURMER01","","Haemoproteus"
"537","TUMIG12","","Leucocytozoon"
"539","THAMAE01","","Plasmodium"
"542","ZOCAP17","","Haemoproteus"
"543","TROAED06","","Leucocytozoon"
"545","DIGLAF01","","Plasmodium"
"547","DIGCYA01","SA19","Haemoproteus"
"548","DIGCYA03","SA20","Haemoproteus"
"551","DIGCYA02","SA23","Plasmodium"
"552","MYFUM01","L-T011","Leucocytozoon"
"554","DIUDIU12","H01","Haemoproteus"
"556","DIUDIU05","","Haemoproteus"
"560","ICTLEU01","","Haemoproteus"
"564","SPMAG08","","Plasmodium"
"565","GEOTRI09","","Plasmodium"
"568","DUMCAR02","","Leucocytozoon"
"570","MAFUS02","20","Haemoproteus"
"571","DYSMEN05","","Plasmodium"
"573","TROAED22","","Plasmodium"
"574","DYSMEN04","","Plasmodium"
"575","DYSMEN03","","Plasmodium"
"577","MYISWA01","","Haemoproteus"
"578","ELAALB02","","Leucocytozoon"
"591","LEPCOR03","","Haemoproteus"
"594","EMCIR01","","Haemoproteus"
"595","CCF2","H032","Haemoproteus"
"599","DUNNO01","","Haemoproteus"
"600","EMCIT01","","Leucocytozoon"
"607","EMSPO01","EMGO03","Haemoproteus"
"608","RB1","","Haemoproteus"
"609","PARUS1","","Haemoproteus"
"613","EMSPO02","","Haemoproteus"
"614","EMBHER01","P12","Plasmodium"
"616","EOPAUS02","AP42","Haemoproteus"
"622","SFC8","H027","Leucocytozoon"
"634","SPMAG12","","Haemoproteus"
"635","EUXAN01","","Haemoproteus"
"636","PACPEC02","SA18","Haemoproteus"
"637","PADOM01","","Plasmodium"
"639","REB2","","Haemoproteus"
"643","LK02","","Haemoproteus"
"644","BNOW03","FALC7","Haemoproteus"
"645","LK03","H-FATI1","Haemoproteus"
"647","COLL3","","Haemoproteus"
"651","COLL11","","Plasmodium"
"653","PFC1","","Haemoproteus"
"654","TERUF02","","Plasmodium"
"657","COLL10","","Plasmodium"
"659","RFF1","","Plasmodium"
"662","COLL7","","Plasmodium"
"663","WW4","","Plasmodium"
"664","LAMPUR03","","Plasmodium"
"666","GRW07","","Plasmodium"
"668","AEMO01","","Plasmodium"
"669","ACCTAC01","","Plasmodium"
"675","LBPIP1","","Plasmodium"
"681","PSB1","","Plasmodium"
"687","FICNAR01","","Haemoproteus"
"690","FIPAR02","H-LIN32","Haemoproteus"
"691","FORANA03","FORANA02","Plasmodium"
"692","FORCOL07","","Plasmodium"
"693","FOCOL01","FOCOL01","Plasmodium"
"694","FORCOL02","","Plasmodium"
"695","FORCOL06","","Plasmodium"
"696","FOSER01","FOSER01","Plasmodium"
"697","FOMEL01","FOMEL01","Plasmodium"
"699","FOUMAD01","H_7A,H_7B,H_7C,H_7D,H_7E","Haemoproteus"
"702","RBQ11","H_9","Haemoproteus"
"703","FOUMAD02","H_15A,H_15B","Haemoproteus"
"704","RECOB3","","Leucocytozoon"
"705","FOUMAD03","P_4","Plasmodium"
"709","NEWAM05","BERMAD02_MDG_P08","Plasmodium"
"714","FOUOMI01","MDG_H20","Haemoproteus"
"715","FOUOMI04","MDG_P12","Plasmodium"
"718","FOUOMI02","MDG_L04","Leucocytozoon"
"720","NEWAM03","MDG_L07","Leucocytozoon"
"722","HYPMA02","HYPMA05_MDG_L02","Leucocytozoon"
"723","FREAND01","Katta","Haemoproteus"
"724","FREMIN01","CY19,E75,FMAG15,HC02,HIPP5,FMINGAL1,IG20","Haemoproteus"
"726","CCF4","","Haemoproteus"
"727","BRAM3","H163,H176","Leucocytozoon"
"730","CCF23","H255","Haemoproteus"
"731","CCF09","H164","Haemoproteus"
"732","CCF6","","Haemoproteus"
"736","CCF5","","Haemoproteus"
"737","CCF1","","Haemoproteus"
"740","BRAM2","","Leucocytozoon"
"742","FULEU01","FULEU01","Haemoproteus"
"744","DENCER02","","Haemoproteus"
"745","GALCYA02","","Plasmodium"
"746","SPMAG04","","Plasmodium"
"748","GALHAR01","","Haemoproteus"
"749","GALLUS01","","Plasmodium"
"750","GALLUS07","","Leucocytozoon"
"751","GALLUS17","GALLUSM08","Leucocytozoon"
"752","GALLUS06","","Leucocytozoon"
"753","GALLUS14","GALLUSM04","Leucocytozoon"
"754","GALLUS22","GALLUSM14","Plasmodium"
"755","TSUB01","","Plasmodium"
"756","GALLUS25","GALLUSM17","Leucocytozoon"
"757","GALLUS02","","Plasmodium"
"758","FALTIN12","GALLUSM02","Leucocytozoon"
"759","GARDEL01","","Haemoproteus"
"760","SHOALB02","","Haemoproteus"
"762","GAGLA05","H181","Haemoproteus"
"763","GAGLA02","","Haemoproteus"
"764","GAGLA06","H256","Leucocytozoon"
"765","CIRCUM05","H258","Haemoproteus"
"768","TABI08","P1","Plasmodium"
"772","APSPI03","P12","Plasmodium"
"775","SEINOV01","P4-A,P4-B","Plasmodium"
"778","PACYA01","P13","Plasmodium"
"780","GEOFRE01","","Haemoproteus"
"782","GEOTRY01","","Haemoproteus"
"783","GLSJO01","","Haemoproteus"
"787","GRACAR01","GRACAR02","Leucocytozoon"
"788","GRAGUA01","","Plasmodium"
"789","GRUAME01","W06,W18,W23,W51","Haemoproteus"
"792","MYRMAX01","","Plasmodium"
"795","MYNA02","CRATOR01","Plasmodium"
"796","CHRKLA02","","Leucocytozoon"
"798","TACRUB04","HABRUB02","Plasmodium"
"799","HALMAL01","","Haemoproteus"
"801","AFR151","","Haemoproteus"
"807","SYBOR11","","Plasmodium"
"809","TANNIG01","","Leucocytozoon"
"811","THRCYA01","","Leucocytozoon"
"814","HETALB03","AP39","Haemoproteus"
"815","HETALB01","AP14","Haemoproteus"
"816","HETALB02","AP38","Haemoproteus"
"817","TURDUS2","","Haemoproteus"
"818","HIICT5","","Haemoproteus"
"819","HIICT2","","Haemoproteus"
"820","HIICT3","","Haemoproteus"
"821","HIPOL1","","Haemoproteus"
"823","HIICT4","","Haemoproteus"
"826","HIP2","","Haemoproteus"
"828","HIPOL2","","Haemoproteus"
"834","HIRUS10","","Leucocytozoon"
"835","HIRUS04","","Haemoproteus"
"836","HIRUS08","","Leucocytozoon"
"837","SYBOR21","","Plasmodium"
"838","HIRUS06","","Plasmodium"
"839","HIRUS09","","Leucocytozoon"
"841","HIRUS03","","Haemoproteus"
"843","HIRUS01","","Haemoproteus"
"844","HIRUS05","","Haemoproteus"
"845","HIRUS11","","Leucocytozoon"
"851","CATFUS18","CATFUS04","Leucocytozoon"
"854","CYCYA01","","Plasmodium"
"855","MYRMYO01","","Plasmodium"
"857","SATEC01","X","Leucocytozoon"
"858","HYBOR01","Y","Leucocytozoon"
"859","HYBOR02","B2","Leucocytozoon"
"860","HYPLEU02","","Haemoproteus"
"861","HYPHI07","","Haemoproteus"
"863","ZOSMAD01","MDG_H02,MDG_H04","Haemoproteus"
"867","HYPMA04","HYPMA02_MDG_P15","Plasmodium"
"870","HYPMA01","","Plasmodium"
"871","PHICAS01","","Leucocytozoon"
"872","HYPMA03","MDG_L17","Leucocytozoon"
"874","BUL2","H_3A,H_3B,H_3C","Haemoproteus"
"876","ICTVIR01","P8","Plasmodium"
"880","CXPIP23","","Plasmodium"
"881","CXPIP12","","Plasmodium"
"884","HYPHI17","H17","Haemoproteus"
"885","HYPHI03","H3","Haemoproteus"
"886","HYPHI15","H15","Haemoproteus"
"887","HYPHI16","H16","Haemoproteus"
"888","SPIPAS07","","Leucocytozoon"
"891","JUHYE18","","Leucocytozoon"
"892","JUHYE19","","Leucocytozoon"
"893","ZOLEU02","L.AK18","Leucocytozoon"
"894","JUHYE12","","Haemoproteus"
"896","CATUST10","DEJU_CA_ELW_2H","Haemoproteus"
"900","GYMSAL01","","Haemoproteus"
"902","JUHYE03","H.AK08","Haemoproteus"
"906","SETCOR06","","Leucocytozoon"
"910","LAGLAG03","","Leucocytozoon"
"912","AFR006","","Plasmodium"
"914","LZFUS01","","Plasmodium"
"915","RBS5","H_20","Haemoproteus"
"916","RBS1","","Haemoproteus"
"917","BT5","","Leucocytozoon"
"918","RBS4","","Haemoproteus"
"919","RBS2","","Haemoproteus"
"920","PYCGPI03","62","Leucocytozoon"
"921","RBS3","","Haemoproteus"
"922","LARCRA01","H-LIN13","Haemoproteus"
"926","LEPCOR01","LEPIDO01","Plasmodium"
"927","LEPCOR04","","Plasmodium"
"928","TACRUB01","LECOR01","Plasmodium"
"933","LEPNAT01","","Plasmodium"
"935","THACAE01","","Plasmodium"
"936","XIPOCE02","","Haemoproteus"
"938","LEPRUF02","LERUF01","Haemoproteus"
"940","GEMON01","CB4Ecu,GMEcu,LPMex","Haemoproteus"
"941","COLBF03","","Leucocytozoon"
"945","LICFRE01","AP45","Haemoproteus"
"948","LONCUC01","H_LONCUC01","Haemoproteus"
"959","LOXVIO01","","Haemoproteus"
"961","COFLA01","31","Haemoproteus"
"963","LULU1","","Haemoproteus"
"972","AFTRU5","","Plasmodium"
"973","BT6","","Plasmodium"
"976","BT1","","Leucocytozoon"
"979","BT8","","Plasmodium"
"984","GRW15","","Plasmodium"
"985","MAFUS04","5","Haemoproteus"
"986","MEGANT01","YEP-1","Leucocytozoon"
"987","MELNIG04","","Haemoproteus"
"988","MELNIG03","","Haemoproteus"
"989","MELNIG02","","Haemoproteus"
"990","MELSTR04","","Haemoproteus"
"991","MELSTR02","","Haemoproteus"
"992","MELVER01","","Haemoproteus"
"997","MELVER02","","Haemoproteus"
"998","MELMEG01","AP32","Haemoproteus"
"999","MELLEW01","AP44","Haemoproteus"
"1009","MELMEL01","P_SOSP1","Plasmodium"
"1010","MELMEL04","P_SOSP7","Plasmodium"
"1016","MEAPI03","","Haemoproteus"
"1017","MILANS06","","Plasmodium"
"1018","MEAPI02","","Haemoproteus"
"1019","MEAPI01","","Haemoproteus"
"1022","COECOE12","","Leucocytozoon"
"1023","METMEL05","","Leucocytozoon"
"1024","TANICT01","MICMAR01","Haemoproteus"
"1028","MIOSTR03","","Plasmodium"
"1035","MOLBON04","H56","Haemoproteus"
"1036","NEOTEM01","NEOTEM01","Haemoproteus"
"1037","MONNIG02","","Haemoproteus"
"1040","YWT4","","Plasmodium"
"1041","YWT5","","Haemoproteus"
"1043","YWT3","","Haemoproteus"
"1045","YWT1","","Haemoproteus"
"1046","COLL1","","Plasmodium"
"1048","MOFLA01","","Leucocytozoon"
"1051","SFC10","H190","Haemoproteus"
"1052","SFC1","","Haemoproteus"
"1053","SFC9","","Haemoproteus"
"1054","SFC3","","Haemoproteus"
"1056","SFC4","","Haemoproteus"
"1060","MYARAL02","","Leucocytozoon"
"1061","MYAUNI01","","Leucocytozoon"
"1062","MYCAME08","","Haemoproteus"
"1071","MYRHEM02","","Plasmodium"
"1073","HYPSTR04","","Plasmodium"
"1076","MYRAXI03","","Plasmodium"
"1077","MYRAXI01","","Plasmodium"
"1078","DETUR01","","Plasmodium"
"1079","MYRAXI09","","Plasmodium"
"1082","ISLHAU01","","Plasmodium"
"1084","MYRSCH01","","Plasmodium"
"1085","CHAAM01","PV45,PV45a","Plasmodium"
"1086","CINCHA01","PV41","Plasmodium"
"1088","CYAOLI04","PV25aL","Plasmodium"
"1089","CINCHL01","","Plasmodium"
"1091","CINCOQ01","P20","Plasmodium"
"1096","NENOT04","","Haemoproteus"
"1097","CYAOLI02","P49","Plasmodium"
"1098","PLACAS02","PV23L","Plasmodium"
"1101","CYAOLI10","PV30","Plasmodium"
"1102","CYAOLI09","pCYOL2","Plasmodium"
"1105","CYAOLI12","PV19L","Plasmodium"
"1106","CYAOLI01","P38","Plasmodium"
"1107","CYAOLI11","PV27L","Plasmodium"
"1109","CYAOLI05","HV2L","Haemoproteus"
"1111","NEOBS01","PV16aL,PV16bL,PV16L","Plasmodium"
"1114","CYAOLI03","WAH14","Haemoproteus"
"1115","CYAOLI06","HV4L","Haemoproteus"
"1132","NEOFAS05","","Plasmodium"
"1134","NEOFAS01","","Plasmodium"
"1138","URANO02","H_Uan1","Haemoproteus"
"1140","ALARV04","","Plasmodium"
"1142","NINOX08","","Leucocytozoon"
"1143","NINOX07","","Haemoproteus"
"1144","NYSMAC03","","Haemoproteus"
"1145","NYSMAC01","","Haemoproteus"
"1146","OCHLEU01","OCHLEU03","Haemoproteus"
"1147","OCHLEU02","","Haemoproteus"
"1151","ORORI01","","Haemoproteus"
"1152","ORORI02","","Haemoproteus"
"1153","PAPOL01","","Haemoproteus"
"1154","PACPOL01","PAPOLY01","Haemoproteus"
"1155","PAPOL03","PAPOL03","Haemoproteus"
"1158","PARMON01","","Haemoproteus"
"1162","PERATE09","","Leucocytozoon"
"1163","PARUS7","","Leucocytozoon"
"1167","PERATE06","H260","Leucocytozoon"
"1169","BAEBIC04","","Plasmodium"
"1174","BLUTI03","","Plasmodium"
"1175","BLUTI10","","Plasmodium"
"1178","PARUS6","","Haemoproteus"
"1179","PARUS14","C103","Leucocytozoon"
"1180","PARUS20","Ge066","Leucocytozoon"
"1181","PARUS15","H021","Leucocytozoon"
"1183","PARUS16","H073","Leucocytozoon"
"1184","BLUTI02","","Plasmodium"
"1185","SYAT01","H105","Haemoproteus"
"1186","PARUS13","W019","Leucocytozoon"
"1193","PARUS87","","Leucocytozoon"
"1195","PARUS11","Ge022","Leucocytozoon"
"1196","BLUTI05","","Plasmodium"
"1198","BLUTI04","","Plasmodium"
"1199","PARUS12","Np083","Leucocytozoon"
"1201","PARUS74","","Leucocytozoon"
"1202","DELURB4","","Plasmodium"
"1209","PARUS18","H060","Leucocytozoon"
"1211","PARUS84","H366","Leucocytozoon"
"1213","PARUS4","","Leucocytozoon"
"1227","PARUS2","","Plasmodium"
"1229","PARUS25","","Leucocytozoon"
"1230","PARUS34","","Leucocytozoon"
"1240","PARUS33","","Leucocytozoon"
"1243","PARUS35","","Leucocytozoon"
"1245","PARUS81","H264","Leucocytozoon"
"1247","PARUS66","","Plasmodium"
"1252","PARUS36","","Leucocytozoon"
"1253","PARUS26","","Leucocytozoon"
"1254","PARUS28","","Leucocytozoon"
"1255","PARUS17","Ge35","Leucocytozoon"
"1259","PARUS37","","Leucocytozoon"
"1261","PARUS8","","Leucocytozoon"
"1270","EMCIR02","","Leucocytozoon"
"1277","PARUS69","H173","Leucocytozoon"
"1279","PAMEL01","H_4A,H_4B,H_4C,H_4D,H_4E,H_4F,H_4G,H_4H","Haemoproteus"
"1283","RS4","","Leucocytozoon"
"1287","PADOM05","","Haemoproteus"
"1288","PADOM28","","Plasmodium"
"1291","PAHIS1","","Haemoproteus"
"1292","PADOM22","","Haemoproteus"
"1293","PADOM08","","Plasmodium"
"1296","PADOM03","","Haemoproteus"
"1302","PAGRI02","H206","Plasmodium"
"1304","PAGRI01","","Haemoproteus"
"1311","PAHIS2","H210","Haemoproteus"
"1331","PATFAS02","","Leucocytozoon"
"1332","PATFAS01","","Haemoproteus"
"1335","DENVID01","","Plasmodium"
"1336","PENPAN01","68","Leucocytozoon"
"1337","PENCYA01","","Haemoproteus"
"1338","PENCYA02","","Haemoproteus"
"1339","PERCAN01","L.AK10","Leucocytozoon"
"1340","PERCAN10","","Haemoproteus"
"1345","EUTAQU01","SA4","Plasmodium"
"1346","PHAMAL01","SA11","Haemoproteus"
"1350","PHABRA01","","Leucocytozoon"
"1351","ZEMAC01","","Plasmodium"
"1353","PHEMEL02","","Haemoproteus"
"1357","PHELUD01","","Leucocytozoon"
"1363","MILANS05","PLASCOQ8","Plasmodium"
"1364","PHLNIG05","","Haemoproteus"
"1366","AUTPAR01","","Plasmodium"
"1367","PHLNIG03","","Plasmodium"
"1373","RS1","","Haemoproteus"
"1376","PHRFRU09","H43","Haemoproteus"
"1377","PHRFRU02","H08","Haemoproteus"
"1378","PHRFRU07","H41","Haemoproteus"
"1380","OCHOEN01","H28","Haemoproteus"
"1381","PHRFRU05","H31","Haemoproteus"
"1382","PHRPAT01","H02","Haemoproteus"
"1394","CWT4","HAE3","Haemoproteus"
"1395","GW1","HAE4","Haemoproteus"
"1396","HLW1","","Haemoproteus"
"1397","GW5","HAE8","Haemoproteus"
"1398","CXPIP11","PLA1","Plasmodium"
"1399","ARAMAG01","PLA2","Plasmodium"
"1403","PHSIB2","","Haemoproteus"
"1406","ORW1","PLA5","Plasmodium"
"1407","LCLW1","HAE7","Haemoproteus"
"1420","PHYRAR01","","Leucocytozoon"
"1421","DIUDIU06","","Leucocytozoon"
"1422","PHYRUT01","H61","Haemoproteus"
"1423","PIACAY01","","Haemoproteus"
"1424","PICPIC01","","Leucocytozoon"
"1426","TOFLA03","ABUJAC01","Haemoproteus"
"1427","PIPMAC01","","Haemoproteus"
"1430","PIPMAC03","","Haemoproteus"
"1437","PIPARC03","PIPARC04","Leucocytozoon"
"1438","MONNIG01","","Plasmodium"
"1439","SETGRA02","","Leucocytozoon"
"1441","PIRLUD03","","Leucocytozoon"
"1442","PIRFLA01","","Haemoproteus"
"1444","PIRFLA02","","Leucocytozoon"
"1445","SETAUD30","","Leucocytozoon"
"1446","PIRLUD08","PIRLUD06","Haemoproteus"
"1447","PIRLUD01","","Haemoproteus"
"1449","PIRLUD02","","Haemoproteus"
"1450","PIOLI01","35","Haemoproteus"
"1452","PIRUB01","34","Haemoproteus"
"1455","PITDIC01","AP56","Haemoproteus"
"1459","VILWE3","","Haemoproteus"
"1460","MALNI02","WA22","Plasmodium"
"1462","VILWE04","WAH38","Haemoproteus"
"1475","PLOVEL01","P18","Plasmodium"
"1481","POMHOR01","","Haemoproteus"
"1482","POOCAE01","","Leucocytozoon"
"1485","PREGUT01","","Plasmodium"
"1496","THAMB06","","Plasmodium"
"1499","PSOOCH01","","Plasmodium"
"1500","PTIPER04","","Haemoproteus"
"1501","PTIPER03","","Haemoproteus"
"1502","BUL04","WA44","Plasmodium"
"1503","BUL05","WA45","Plasmodium"
"1504","BUL1","","Haemoproteus"
"1507","PYCCAF01","P-LIN24","Plasmodium"
"1509","PYRLEU02","","Plasmodium"
"1510","PYLEU01","PYLEU01","Plasmodium"
"1511","EMPALN02","","Haemoproteus"
"1517","PYRPYR01","H370","Leucocytozoon"
"1521","RBQ06","H7","Haemoproteus"
"1525","REB4","H4","Haemoproteus"
"1528","RBQ17","P4","Plasmodium"
"1529","RBQ01","","Haemoproteus"
"1530","RBQ02","P19","Plasmodium"
"1535","RAMCAR01","RAMCAR01","Plasmodium"
"1539","RIPRIP01","","Haemoproteus"
"1542","RIPRIP04","","Haemoproteus"
"1543","RIPRIP02","","Haemoproteus"
"1544","RIPRIP06","","Haemoproteus"
"1546","RIPRIP03","","Haemoproteus"
"1547","THCAE01","THCAE01","Plasmodium"
"1548","SALATR01","","Plasmodium"
"1561","SEINOV02","LVE6","Leucocytozoon"
"1563","SERCIT02","AP16","Haemoproteus"
"1564","SERCIT01","AP8","Haemoproteus"
"1565","SERPER01","","Haemoproteus"
"1567","CRIRUF02","L_CRIRUF02","Leucocytozoon"
"1573","SIAMEX03","","Leucocytozoon"
"1585","SITTAKRU1","","Haemoproteus"
"1590","SPHUM05","","Plasmodium"
"1592","SPHUM03","","Plasmodium"
"1595","SPMAG01","","Plasmodium"
"1596","SPMAG11","Cluster C","Plasmodium"
"1598","SPMAG02","","Plasmodium"
"1599","SPMAG10","Cluster B","Plasmodium"
"1601","SPMAG06","29092","Plasmodium"
"1609","SIAMEX01","","Haemoproteus"
"1611","SPIPAS09","","Leucocytozoon"
"1615","SPIPAS02","","Haemoproteus"
"1616","STANIG01","P-LIN32","Plasmodium"
"1619","SPISEN01","","Haemoproteus"
"1620","SPISEN02","","Haemoproteus"
"1621","SYBOR09","","Plasmodium"
"1624","STRORI02","Streptopelia orientalis 1,Streptopelia orientalis 2","Leucocytozoon"
"1625","STRORI06","","Leucocytozoon"
"1626","STRORI01","Streptopelia orientalis 5","Haemoproteus"
"1631","STRTUR03","H272","Haemoproteus"
"1632","STRTUR01","H230","Haemoproteus"
"1633","STRTUR02","H232","Haemoproteus"
"1634","STRTUR04","","Haemoproteus"
"1637","STAL5","AY-2013","Leucocytozoon"
"1638","STAL2","","Haemoproteus"
"1639","STOCC14","","Leucocytozoon"
"1640","STOCC01","","Haemoproteus"
"1643","STOCC03","","Leucocytozoon"
"1644","STOCC02","","Haemoproteus"
"1645","PLAMIN01","","Haemoproteus"
"1646","STVAR06","H1","Haemoproteus"
"1649","MONCAC01","","Haemoproteus"
"1650","MONMER01","","Haemoproteus"
"1651","MONFAI02","","Haemoproteus"
"1653","STUSUP01","P13","Plasmodium"
"1656","LAMPUR01","","Haemoproteus"
"1657","SUISUI02","","Haemoproteus"
"1658","SYAT22","","Leucocytozoon"
"1659","SYAT33","","Haemoproteus"
"1661","SYAT10","","Haemoproteus"
"1663","SYBOR15","","Haemoproteus"
"1664","SYAT24","","Plasmodium"
"1665","SYAT17","","Haemoproteus"
"1666","SYAT04","","Haemoproteus"
"1667","SYAT07","","Haemoproteus"
"1669","SYAT36","","Haemoproteus"
"1670","SYAT03","","Haemoproteus"
"1671","SYAT20","","Leucocytozoon"
"1673","SYAT12","","Haemoproteus"
"1675","SYAT02","","Haemoproteus"
"1676","SYAT13","","Haemoproteus"
"1678","SYAT14","","Haemoproteus"
"1679","SYAT18","","Haemoproteus"
"1680","SYAT28","","Haemoproteus"
"1681","SYAT16","","Haemoproteus"
"1682","SYAT35","","Haemoproteus"
"1685","SYAT11","","Haemoproteus"
"1686","SYAT44","H269","Haemoproteus"
"1688","SYAT21","","Haemoproteus"
"1695","SYBOR03","","Haemoproteus"
"1696","SYBOR01","","Haemoproteus"
"1697","SYBOR08","","Leucocytozoon"
"1698","SYBOR05","","Plasmodium"
"1699","SYBOR06","","Leucocytozoon"
"1702","SYBOR04","","Haemoproteus"
"1707","SYBOR22","","Leucocytozoon"
"1711","SYBOR12","","Leucocytozoon"
"1712","SYBOR07","","Leucocytozoon"
"1719","SYBOR33","SYBOR6.SPAIN","Leucocytozoon"
"1722","CWT3","","Haemoproteus"
"1728","CWT2","","Haemoproteus"
"1729","CWT7","","Haemoproteus"
"1735","LWT1","","Haemoproteus"
"1739","LWT2","","Haemoproteus"
"1748","SYNIS2","","Haemoproteus"
"1749","SYNIS1","","Haemoproteus"
"1758","PROSUB01","H55","Haemoproteus"
"1759","TABI10","TACTHA02","Haemoproteus"
"1760","TACCRI01","","Haemoproteus"
"1761","TACRUB03","","Haemoproteus"
"1762","TACRUB02","","Haemoproteus"
"1767","TANCHI02","","Haemoproteus"
"1769","TANCYA02","","Haemoproteus"
"1770","TANCYA01","","Haemoproteus"
"1771","TASCH01","","Haemoproteus"
"1772","TANLAB01","","Haemoproteus"
"1773","CYCYAN01","","Haemoproteus"
"1774","TANIG01","","Haemoproteus"
"1776","TANSCH01","","Plasmodium"
"1782","LEPCOR05","VOLJAC03","Plasmodium"
"1786","ANILAC01","","Leucocytozoon"
"1792","TAUPER01","","Haemoproteus"
"1793","TERUF01","WAH22","Haemoproteus"
"1796","THACAE09","","Plasmodium"
"1797","THACAE08","","Plasmodium"
"1798","THAMB08","THAMB08","Plasmodium"
"1799","THAMB02","THAMB02","Plasmodium"
"1801","THASAT06","","Plasmodium"
"1804","ZOCAP19","H13","Haemoproteus"
"1810","CANLEU01","","Plasmodium"
"1811","PACPOL02","","Plasmodium"
"1812","TOFLA01","TOFLA01","Plasmodium"
"1813","EUMIN01","TOSUL01","Haemoproteus"
"1814","OEDILI01","","Haemoproteus"
"1815","MELMON01","","Haemoproteus"
"1816","TOXRUF01","3","Haemoproteus"
"1817","TRECAP06","AP40","Haemoproteus"
"1818","TRECAP01","AP13","Haemoproteus"
"1819","TRECAP03","AP35","Haemoproteus"
"1820","TRECAP04","AP36","Haemoproteus"
"1824","TROAED03","L2","Leucocytozoon"
"1825","TROAED19","H8","Haemoproteus"
"1827","TROAED13","H2","Haemoproteus"
"1832","TROAED14","H3","Haemoproteus"
"1833","TROAED16","H5","Haemoproteus"
"1834","TROAED09","L7","Leucocytozoon"
"1836","TROAED11","L9","Leucocytozoon"
"1838","TROAED12","H1","Haemoproteus"
"1839","TROAED04","L3","Leucocytozoon"
"1848","TURALB03","","Plasmodium"
"1849","TURALB05","","Plasmodium"
"1850","TURALB01","","Plasmodium"
"1852","TUAMA01","TUAMA01","Plasmodium"
"1855","TURSER01","","Leucocytozoon"
"1859","TURFAL07","","Leucocytozoon"
"1860","TURFAL05","","Leucocytozoon"
"1861","TUFAL01","ChL9","Leucocytozoon"
"1862","TURFLA01","","Plasmodium"
"1868","TFUS06","ADG-2013","Plasmodium"
"1870","TUCHR01","","Haemoproteus"
"1872","TULEU01","TULEU01","Plasmodium"
"1873","TULEU06","TULEU06","Plasmodium"
"1874","TULEU02","TULEU02","Plasmodium"
"1876","TULEU03","TULEU03","Plasmodium"
"1881","TUMIG22","","Plasmodium"
"1882","DONANA05","","Plasmodium"
"1885","FRAG07","","Plasmodium"
"1891","AFTRU4","","Plasmodium"
"1892","TUMER03","H140","Leucocytozoon"
"1893","TURMER06","","Plasmodium"
"1895","TUMER10","","Leucocytozoon"
"1896","TUMER02","","Leucocytozoon"
"1897","TUMER01","","Leucocytozoon"
"1899","TURMER07","","Plasmodium"
"1901","TURMER04","","Plasmodium"
"1904","NEVE01","","Leucocytozoon"
"1907","TURMER02","","Haemoproteus"
"1912","TUMIG11","","Leucocytozoon"
"1914","TUMIG08","H.AK02","Haemoproteus"
"1916","TUMIG06","Par_bird_sp_2","Haemoproteus"
"1917","COLBF28","","Leucocytozoon"
"1920","COLBF32","","Leucocytozoon"
"1921","TUMIG09","L.AK14","Leucocytozoon"
"1923","TUREUN01","","Leucocytozoon"
"1926","TUNIG01","TURNIG01","Leucocytozoon"
"1930","AFTRU09","WA40","Plasmodium"
"1932","TURPEL01","L_TURPEL01","Leucocytozoon"
"1933","AFTRU3","","Leucocytozoon"
"1935","AFTRU1","","Leucocytozoon"
"1936","AFTRU2","","Leucocytozoon"
"1937","TUPHI13","","Leucocytozoon"
"1939","STUR1","","Leucocytozoon"
"1940","TUPHI06","H377","Leucocytozoon"
"1947","TUPHI02","","Leucocytozoon"
"1949","TURUF03","TURUF01","Plasmodium"
"1956","TUSER01","TURSER02","Leucocytozoon"
"1960","CUKI1","H241","Haemoproteus"
"1962","TYTAL6","","Haemoproteus"
"1963","RECOB1","","Haemoproteus"
"1967","VIGIL09","","Haemoproteus"
"1968","VIOLI05","","Haemoproteus"
"1969","VIALT01","27","Haemoproteus"
"1970","FRAG27","","Haemoproteus"
"1971","CYCGUJ01","","Plasmodium"
"1972","VIGIL07","","Haemoproteus"
"1973","RHYSIM01","","Plasmodium"
"1974","FRAG14","","Haemoproteus"
"1975","VIOLI08","","Haemoproteus"
"1979","VIOLI03","","Plasmodium"
"1980","FRAG13","","Haemoproteus"
"1981","CHIPAR01","","Haemoproteus"
"1982","FRAG18","","Plasmodium"
"1984","VIGIL08","","Haemoproteus"
"1985","VIGIL05","WAVI_CA_ELW_9H","Haemoproteus"
"1987","VIGIL02","WAVI_CA_ELW_7L","Leucocytozoon"
"1988","VIGRI02","29","Haemoproteus"
"1991","VIOLI02","","Haemoproteus"
"1993","VIOLI04","VIREO01","Haemoproteus"
"1997","VIRPLU05","","Leucocytozoon"
"1999","VIRPLU04","","Haemoproteus"
"2000","VIRPLU01","","Haemoproteus"
"2006","LEPCOR07","LEPCOR05","Plasmodium"
"2009","WILPOE19","","Plasmodium"
"2010","WILPOE09","","Plasmodium"
"2011","THASAT10","","Plasmodium"
"2013","WILPOE15","","Plasmodium"
"2015","THAMUR01","","Plasmodium"
"2022","XOLPYR01","","Haemoproteus"
"2023","ZEMAC03","SocH6","Haemoproteus"
"2024","MODO1","","Haemoproteus"
"2025","ZENAUR01","","Haemoproteus"
"2026","ZEGAL07","hGDE9W","Haemoproteus"
"2027","ZEGAL05","hHIPP28W,hJH3B002W,hJH003W,hGDS12W","Haemoproteus"
"2031","ZONCAP12","","Leucocytozoon"
"2033","ZOCAP16","PlasH12","Plasmodium"
"2038","ZOCAP08","Haemoproteus sp. ZC1","Haemoproteus"
"2040","CONCIN02","","Leucocytozoon"
"2043","TRMEL02","TRMEL02","Plasmodium"
"2045","ZOCAP03","ChP6","Plasmodium"
"2046","ELAALB01","H10","Haemoproteus"
"2047","ZOCAP21","HaemH28","Haemoproteus"
"2052","ZOCAP01","ChH4","Haemoproteus"
"2062","ZOOCIT02","","Plasmodium"
"2065","ZOOAUR01","","Leucocytozoon"
"2066","ZOODAU01","","Haemoproteus"
"2069","ZOSFLA04","SAN007H,TAN002H","Haemoproteus"
"2070","ZOSJAP02","","Haemoproteus"
"2073","ZOMAD01","D2","Leucocytozoon"
"2076","ZOMAD05","F2","Leucocytozoon"
"2078","ZOBOR04","E","Leucocytozoon"
"2080","ZOSPAL06","ZOSPAL01","Haemoproteus"
"2081","ZOSPAL07","","Haemoproteus"
"2083","AFR211","","Leucocytozoon"
"2084","YEWE2","","Haemoproteus"
